{
  "model": "densenet121",
  "method": "temperature_scaling",
  "fit_split": "val",
  "split": "val",
  "n_samples": 1736,
  "n_bins": 15,
  "temperature": 1.0054166316986084,
  "before": {
    "nll": 0.5215660333633423,
    "ece": 0.026338255075815085,
    "brier": 0.28158292174339294,
    "accuracy": 0.7972350120544434
  },
  "after": {
    "nll": 0.5215546488761902,
    "ece": 0.026919372379779816,
    "brier": 0.2815873324871063,
    "accuracy": 0.7972350120544434
  },
  "eval_evaluation": {
    "split": "test",
    "n_samples": 1734,
    "before": {
      "nll": 0.5274423360824585,
      "ece": 0.026106412461265976,
      "brier": 0.282233864068985,
      "accuracy": 0.8033448457717896
    },
    "after": {
      "nll": 0.5274754762649536,
      "ece": 0.023876824722364284,
      "brier": 0.28229227662086487,
      "accuracy": 0.8033448457717896
    }
  }
}