{
  "model": "resnet50",
  "method": "temperature_scaling",
  "fit_split": "val",
  "split": "val",
  "n_samples": 1736,
  "n_bins": 15,
  "temperature": 0.8982356786727905,
  "before": {
    "nll": 0.5949381589889526,
    "ece": 0.04383221994827969,
    "brier": 0.3197857141494751,
    "accuracy": 0.7770737409591675
  },
  "after": {
    "nll": 0.5916298031806946,
    "ece": 0.021415246084057787,
    "brier": 0.31789958477020264,
    "accuracy": 0.7770737409591675
  },
  "eval_evaluation": {
    "split": "test",
    "n_samples": 1734,
    "before": {
      "nll": 0.6001296639442444,
      "ece": 0.044914413729065975,
      "brier": 0.32218971848487854,
      "accuracy": 0.772779643535614
    },
    "after": {
      "nll": 0.5969139933586121,
      "ece": 0.024774241724160026,
      "brier": 0.32027244567871094,
      "accuracy": 0.772779643535614
    }
  }
}