{
  "model": "efficientnet_b0",
  "method": "temperature_scaling",
  "fit_split": "val",
  "split": "val",
  "n_samples": 1736,
  "n_bins": 15,
  "temperature": 1.306938886642456,
  "before": {
    "nll": 0.6197881102561951,
    "ece": 0.0531857104002056,
    "brier": 0.3202704191207886,
    "accuracy": 0.7667050957679749
  },
  "after": {
    "nll": 0.597991943359375,
    "ece": 0.015681611537109324,
    "brier": 0.31505441665649414,
    "accuracy": 0.7667050957679749
  },
  "eval_evaluation": {
    "split": "test",
    "n_samples": 1734,
    "before": {
      "nll": 0.6759267449378967,
      "ece": 0.0717602484314912,
      "brier": 0.3497033417224884,
      "accuracy": 0.7387542724609375
    },
    "after": {
      "nll": 0.6455094814300537,
      "ece": 0.023187733404639133,
      "brier": 0.34113889932632446,
      "accuracy": 0.7387542724609375
    }
  }
}