{
  "model": "resnet50",
  "method": "temperature_scaling",
  "fit_split": "val",
  "split": "val",
  "n_samples": 1736,
  "n_bins": 15,
  "temperature": 0.9362921118736267,
  "before": {
    "nll": 0.6561114192008972,
    "ece": 0.019985112829417128,
    "brier": 0.34970417618751526,
    "accuracy": 0.7442396283149719
  },
  "after": {
    "nll": 0.6547060012817383,
    "ece": 0.02036105883457968,
    "brier": 0.3495755195617676,
    "accuracy": 0.7442396283149719
  },
  "eval_evaluation": {
    "split": "test",
    "n_samples": 1734,
    "before": {
      "nll": 0.6507533192634583,
      "ece": 0.035191068410735916,
      "brier": 0.34660154581069946,
      "accuracy": 0.7422145009040833
    },
    "after": {
      "nll": 0.6480021476745605,
      "ece": 0.02970894274002128,
      "brier": 0.34592023491859436,
      "accuracy": 0.7422145009040833
    }
  }
}