{
  "model": "mobilenetv3_small_100",
  "method": "temperature_scaling",
  "fit_split": "val",
  "split": "val",
  "n_samples": 1736,
  "n_bins": 15,
  "temperature": 0.9265584349632263,
  "before": {
    "nll": 0.6782774925231934,
    "ece": 0.03217269990095345,
    "brier": 0.3515520989894867,
    "accuracy": 0.7534562349319458
  },
  "after": {
    "nll": 0.6763443350791931,
    "ece": 0.023056221808294,
    "brier": 0.3503637909889221,
    "accuracy": 0.7534562349319458
  },
  "eval_evaluation": {
    "split": "test",
    "n_samples": 1734,
    "before": {
      "nll": 0.6911464929580688,
      "ece": 0.04065749358553375,
      "brier": 0.35567358136177063,
      "accuracy": 0.7416378259658813
    },
    "after": {
      "nll": 0.6895063519477844,
      "ece": 0.033712390264562804,
      "brier": 0.35477903485298157,
      "accuracy": 0.7416378259658813
    }
  }
}