{
  "config_name": "v1_single_densenet121",
  "test_set": "isic_external",
  "n_total": 4353,
  "n_evaluated": 4353,
  "n_skipped": 0,
  "skipped_ids": [],
  "members": [
    {
      "model": "densenet121",
      "checkpoint_dir": "runs/densenet121",
      "weight": 1.0,
      "temperature": 1.689,
      "calibrated": true
    }
  ],
  "accuracy": 0.4925338846772341,
  "macro_f1": 0.3681216249229044,
  "macro_recall": 0.40965629646724816,
  "balanced_accuracy": 0.40965629646724816,
  "ece": 0.1741364336536858,
  "per_class_recall": {
    "akiec": 0.1267605633802817,
    "bcc": 0.5294117647058824,
    "bkl": 0.503562945368171,
    "df": 0.1956521739130435,
    "mel": 0.22466960352422907,
    "nv": 0.7723855092276145,
    "vasc": 0.5151515151515151
  },
  "mel_recall": 0.22466960352422907,
  "bcc_recall": 0.5294117647058824,
  "akiec_recall": 0.1267605633802817,
  "true_label_counts": {
    "akiec": 355,
    "bcc": 867,
    "bkl": 421,
    "df": 46,
    "mel": 1135,
    "nv": 1463,
    "vasc": 66
  },
  "predicted_label_counts": {
    "akiec": 124,
    "bcc": 809,
    "bkl": 1067,
    "df": 65,
    "mel": 364,
    "nv": 1802,
    "vasc": 122
  },
  "confusion_matrix": [
    [
      45,
      71,
      177,
      0,
      5,
      42,
      15
    ],
    [
      61,
      459,
      99,
      25,
      44,
      151,
      28
    ],
    [
      0,
      65,
      212,
      6,
      17,
      111,
      10
    ],
    [
      0,
      10,
      2,
      9,
      1,
      23,
      1
    ],
    [
      9,
      90,
      403,
      11,
      255,
      340,
      27
    ],
    [
      9,
      101,
      168,
      12,
      36,
      1130,
      7
    ],
    [
      0,
      13,
      6,
      2,
      6,
      5,
      34
    ]
  ]
}