{
  "config_name": "v1_single_resnet50",
  "test_set": "isic_external",
  "n_total": 4353,
  "n_evaluated": 4353,
  "n_skipped": 0,
  "skipped_ids": [],
  "members": [
    {
      "model": "resnet50",
      "checkpoint_dir": "runs/resnet50_v1_backup",
      "weight": 1.0,
      "temperature": 1.5391,
      "calibrated": true
    }
  ],
  "accuracy": 0.5028715828164484,
  "macro_f1": 0.37179248197718906,
  "macro_recall": 0.44622684893671355,
  "balanced_accuracy": 0.44622684893671355,
  "ece": 0.1668940368785602,
  "per_class_recall": {
    "akiec": 0.11830985915492957,
    "bcc": 0.5732410611303345,
    "bkl": 0.3824228028503563,
    "df": 0.391304347826087,
    "mel": 0.26607929515418505,
    "nv": 0.7710184552289815,
    "vasc": 0.6212121212121212
  },
  "mel_recall": 0.26607929515418505,
  "bcc_recall": 0.5732410611303345,
  "akiec_recall": 0.11830985915492957,
  "true_label_counts": {
    "akiec": 355,
    "bcc": 867,
    "bkl": 421,
    "df": 46,
    "mel": 1135,
    "nv": 1463,
    "vasc": 66
  },
  "predicted_label_counts": {
    "akiec": 183,
    "bcc": 929,
    "bkl": 771,
    "df": 118,
    "mel": 437,
    "nv": 1716,
    "vasc": 199
  },
  "confusion_matrix": [
    [
      42,
      133,
      98,
      7,
      11,
      38,
      26
    ],
    [
      75,
      497,
      83,
      38,
      19,
      107,
      48
    ],
    [
      9,
      85,
      161,
      13,
      36,
      98,
      19
    ],
    [
      3,
      7,
      1,
      18,
      3,
      12,
      2
    ],
    [
      42,
      108,
      290,
      12,
      302,
      327,
      54
    ],
    [
      12,
      93,
      131,
      29,
      61,
      1128,
      9
    ],
    [
      0,
      6,
      7,
      1,
      5,
      6,
      41
    ]
  ]
}