{
  "config_name": "v2_single_resnet50",
  "test_set": "isic_external",
  "n_total": 4353,
  "n_evaluated": 4353,
  "n_skipped": 0,
  "skipped_ids": [],
  "members": [
    {
      "model": "resnet50",
      "checkpoint_dir": "runs/resnet50_v2",
      "weight": 1.0,
      "temperature": 0.8982,
      "calibrated": true
    }
  ],
  "accuracy": 0.5019526763151849,
  "macro_f1": 0.3471641960398107,
  "macro_recall": 0.3721088329191402,
  "balanced_accuracy": 0.3721088329191402,
  "ece": 0.1813686819609735,
  "per_class_recall": {
    "akiec": 0.056338028169014086,
    "bcc": 0.4982698961937716,
    "bkl": 0.39667458432304037,
    "df": 0.21739130434782608,
    "mel": 0.37092511013215856,
    "nv": 0.7621326042378674,
    "vasc": 0.30303030303030304
  },
  "mel_recall": 0.37092511013215856,
  "bcc_recall": 0.4982698961937716,
  "akiec_recall": 0.056338028169014086,
  "true_label_counts": {
    "akiec": 355,
    "bcc": 867,
    "bkl": 421,
    "df": 46,
    "mel": 1135,
    "nv": 1463,
    "vasc": 66
  },
  "predicted_label_counts": {
    "akiec": 98,
    "bcc": 756,
    "bkl": 779,
    "df": 96,
    "mel": 670,
    "nv": 1862,
    "vasc": 92
  },
  "confusion_matrix": [
    [
      20,
      115,
      128,
      5,
      20,
      56,
      11
    ],
    [
      50,
      432,
      96,
      24,
      51,
      193,
      21
    ],
    [
      6,
      48,
      167,
      9,
      38,
      145,
      8
    ],
    [
      2,
      4,
      2,
      10,
      3,
      23,
      2
    ],
    [
      7,
      100,
      238,
      25,
      421,
      317,
      27
    ],
    [
      13,
      43,
      139,
      22,
      128,
      1115,
      3
    ],
    [
      0,
      14,
      9,
      1,
      9,
      13,
      20
    ]
  ]
}