{
  "config_name": "v2_single_resnet50",
  "test_set": "ham_test",
  "n_total": 1734,
  "n_evaluated": 1734,
  "n_skipped": 0,
  "skipped_ids": [],
  "members": [
    {
      "model": "resnet50",
      "checkpoint_dir": "runs/resnet50_v2",
      "weight": 1.0,
      "temperature": 0.8982,
      "calibrated": true
    }
  ],
  "accuracy": 0.7727797001153403,
  "macro_f1": 0.7007560553004577,
  "macro_recall": 0.764392913904544,
  "balanced_accuracy": 0.764392913904544,
  "ece": 0.024774250945005464,
  "per_class_recall": {
    "akiec": 0.6923076923076923,
    "bcc": 0.8241758241758241,
    "bkl": 0.6582914572864321,
    "df": 0.72,
    "mel": 0.7340425531914894,
    "nv": 0.7960069444444444,
    "vasc": 0.9259259259259259
  },
  "mel_recall": 0.7340425531914894,
  "bcc_recall": 0.8241758241758241,
  "akiec_recall": 0.6923076923076923,
  "true_label_counts": {
    "akiec": 52,
    "bcc": 91,
    "bkl": 199,
    "df": 25,
    "mel": 188,
    "nv": 1152,
    "vasc": 27
  },
  "predicted_label_counts": {
    "akiec": 63,
    "bcc": 126,
    "bkl": 200,
    "df": 21,
    "mel": 332,
    "nv": 952,
    "vasc": 40
  },
  "confusion_matrix": [
    [
      36,
      9,
      3,
      0,
      4,
      0,
      0
    ],
    [
      3,
      75,
      3,
      1,
      7,
      0,
      2
    ],
    [
      15,
      9,
      131,
      1,
      35,
      8,
      0
    ],
    [
      1,
      1,
      1,
      18,
      2,
      2,
      0
    ],
    [
      1,
      7,
      12,
      1,
      138,
      23,
      6
    ],
    [
      7,
      25,
      50,
      0,
      146,
      917,
      7
    ],
    [
      0,
      0,
      0,
      0,
      0,
      2,
      25
    ]
  ]
}