{
  "model": "resnet50",
  "method": "temperature_scaling",
  "fit_split": "val",
  "split": "val",
  "n_samples": 1736,
  "n_bins": 15,
  "temperature": 2.0218191146850586,
  "before": {
    "nll": 0.693249523639679,
    "ece": 0.1066270786324679,
    "brier": 0.29834139347076416,
    "accuracy": 0.8064516186714172
  },
  "after": {
    "nll": 0.5269485116004944,
    "ece": 0.016091839526243473,
    "brier": 0.2711787819862366,
    "accuracy": 0.8064516186714172
  },
  "eval_evaluation": {
    "split": "test",
    "n_samples": 1734,
    "before": {
      "nll": 0.6500628590583801,
      "ece": 0.09318844039925517,
      "brier": 0.2758399248123169,
      "accuracy": 0.8229526877403259
    },
    "after": {
      "nll": 0.5041055679321289,
      "ece": 0.031903820260585795,
      "brier": 0.25625285506248474,
      "accuracy": 0.8229526877403259
    }
  }
}